ALTER TABLE PROTOCOL_SUBMISSION DISABLE CONSTRAINT FK_PROTOCOL_SUBMISSION6
/
ALTER TABLE VALID_PROTO_SUB_REV_TYPE DISABLE CONSTRAINT FK_VALID_PROTO_SUB_REV_TYPE
/
ALTER TABLE VALID_PROTO_SUB_TYPE_QUAL DISABLE CONSTRAINT FK_VALID_PROTO_SUB_TYPE_QUAL
/
TRUNCATE TABLE SUBMISSION_TYPE
/
Insert into SUBMISSION_TYPE (SUBMISSION_TYPE_CODE,DESCRIPTION,UPDATE_TIMESTAMP,UPDATE_USER,VER_NBR,OBJ_ID) values ('100','Initial Protocol Application for Approval',to_timestamp('14-MAR-14 09.55.49.000000000 AM','DD-MON-RR HH.MI.SS.FF AM'),'admin',1,'F4926C2B1CEB3D63E040DC0A1F8A3C9C');
Insert into SUBMISSION_TYPE (SUBMISSION_TYPE_CODE,DESCRIPTION,UPDATE_TIMESTAMP,UPDATE_USER,VER_NBR,OBJ_ID) values ('101','Continuing Review/Continuation without Amendment',to_timestamp('14-MAR-14 09.55.49.000000000 AM','DD-MON-RR HH.MI.SS.FF AM'),'admin',1,'F4926C2B1CEC3D63E040DC0A1F8A3C9C');
Insert into SUBMISSION_TYPE (SUBMISSION_TYPE_CODE,DESCRIPTION,UPDATE_TIMESTAMP,UPDATE_USER,VER_NBR,OBJ_ID) values ('102','Amendment',to_timestamp('14-MAR-14 09.55.49.000000000 AM','DD-MON-RR HH.MI.SS.FF AM'),'admin',1,'F4926C2B1CED3D63E040DC0A1F8A3C9C');
Insert into SUBMISSION_TYPE (SUBMISSION_TYPE_CODE,DESCRIPTION,UPDATE_TIMESTAMP,UPDATE_USER,VER_NBR,OBJ_ID) values ('103','Response to Previous IRB Notification',to_timestamp('14-MAR-14 09.55.49.000000000 AM','DD-MON-RR HH.MI.SS.FF AM'),'admin',1,'F4926C2B1CEE3D63E040DC0A1F8A3C9C');
Insert into SUBMISSION_TYPE (SUBMISSION_TYPE_CODE,DESCRIPTION,UPDATE_TIMESTAMP,UPDATE_USER,VER_NBR,OBJ_ID) values ('104','Self Report of Non-Compliance',to_timestamp('14-MAR-14 09.55.49.000000000 AM','DD-MON-RR HH.MI.SS.FF AM'),'admin',1,'F4926C2B1CEF3D63E040DC0A1F8A3C9C');
Insert into SUBMISSION_TYPE (SUBMISSION_TYPE_CODE,DESCRIPTION,UPDATE_TIMESTAMP,UPDATE_USER,VER_NBR,OBJ_ID) values ('105','Complaint',to_timestamp('14-MAR-14 09.55.49.000000000 AM','DD-MON-RR HH.MI.SS.FF AM'),'admin',1,'F4926C2B1CF03D63E040DC0A1F8A3C9C');
Insert into SUBMISSION_TYPE (SUBMISSION_TYPE_CODE,DESCRIPTION,UPDATE_TIMESTAMP,UPDATE_USER,VER_NBR,OBJ_ID) values ('106','Adverse Event',to_timestamp('14-MAR-14 09.55.49.000000000 AM','DD-MON-RR HH.MI.SS.FF AM'),'admin',1,'F4926C2B1CF13D63E040DC0A1F8A3C9C');
Insert into SUBMISSION_TYPE (SUBMISSION_TYPE_CODE,DESCRIPTION,UPDATE_TIMESTAMP,UPDATE_USER,VER_NBR,OBJ_ID) values ('107','Report of protocol-related COI',to_timestamp('14-MAR-14 09.55.49.000000000 AM','DD-MON-RR HH.MI.SS.FF AM'),'admin',1,'F4926C2B1CF23D63E040DC0A1F8A3C9C');
Insert into SUBMISSION_TYPE (SUBMISSION_TYPE_CODE,DESCRIPTION,UPDATE_TIMESTAMP,UPDATE_USER,VER_NBR,OBJ_ID) values ('108','Request for Termination',to_timestamp('14-MAR-14 09.55.49.000000000 AM','DD-MON-RR HH.MI.SS.FF AM'),'admin',1,'F4926C2B1CF33D63E040DC0A1F8A3C9C');
Insert into SUBMISSION_TYPE (SUBMISSION_TYPE_CODE,DESCRIPTION,UPDATE_TIMESTAMP,UPDATE_USER,VER_NBR,OBJ_ID) values ('109','Request to Close',to_timestamp('14-MAR-14 09.55.49.000000000 AM','DD-MON-RR HH.MI.SS.FF AM'),'admin',1,'F4926C2B1CF43D63E040DC0A1F8A3C9C');
Insert into SUBMISSION_TYPE (SUBMISSION_TYPE_CODE,DESCRIPTION,UPDATE_TIMESTAMP,UPDATE_USER,VER_NBR,OBJ_ID) values ('110','Request for Suspension',to_timestamp('14-MAR-14 09.55.49.000000000 AM','DD-MON-RR HH.MI.SS.FF AM'),'admin',1,'F4926C2B1CF53D63E040DC0A1F8A3C9C');
Insert into SUBMISSION_TYPE (SUBMISSION_TYPE_CODE,DESCRIPTION,UPDATE_TIMESTAMP,UPDATE_USER,VER_NBR,OBJ_ID) values ('111','Request to Close Enrollment',to_timestamp('14-MAR-14 09.55.49.000000000 AM','DD-MON-RR HH.MI.SS.FF AM'),'admin',1,'F4926C2B1CF63D63E040DC0A1F8A3C9C');
Insert into SUBMISSION_TYPE (SUBMISSION_TYPE_CODE,DESCRIPTION,UPDATE_TIMESTAMP,UPDATE_USER,VER_NBR,OBJ_ID) values ('112','FYI',to_timestamp('14-MAR-14 09.55.49.000000000 AM','DD-MON-RR HH.MI.SS.FF AM'),'admin',1,'F4926C2B1CF73D63E040DC0A1F8A3C9C');
Insert into SUBMISSION_TYPE (SUBMISSION_TYPE_CODE,DESCRIPTION,UPDATE_TIMESTAMP,UPDATE_USER,VER_NBR,OBJ_ID) values ('113','Request for Data Analysis Only',to_timestamp('14-MAR-14 09.55.49.000000000 AM','DD-MON-RR HH.MI.SS.FF AM'),'admin',1,'F4926C2B1CF83D63E040DC0A1F8A3C9C');
Insert into SUBMISSION_TYPE (SUBMISSION_TYPE_CODE,DESCRIPTION,UPDATE_TIMESTAMP,UPDATE_USER,VER_NBR,OBJ_ID) values ('114','Request for Re-open Enrollment',to_timestamp('14-MAR-14 09.55.49.000000000 AM','DD-MON-RR HH.MI.SS.FF AM'),'admin',1,'F4926C2B1CF93D63E040DC0A1F8A3C9C');
Insert into SUBMISSION_TYPE (SUBMISSION_TYPE_CODE,DESCRIPTION,UPDATE_TIMESTAMP,UPDATE_USER,VER_NBR,OBJ_ID) values ('115','Continuing Review/Continuation with Amendment',to_timestamp('14-MAR-14 09.55.49.000000000 AM','DD-MON-RR HH.MI.SS.FF AM'),'admin',1,'F4926C2B1CFA3D63E040DC0A1F8A3C9C');
Insert into SUBMISSION_TYPE (SUBMISSION_TYPE_CODE,DESCRIPTION,UPDATE_TIMESTAMP,UPDATE_USER,VER_NBR,OBJ_ID) values ('116','Resubmission',to_timestamp('14-MAR-14 09.56.18.000000000 AM','DD-MON-RR HH.MI.SS.FF AM'),'admin',1,'F4926E3B9E9FFA72E040DC0A1F8A3CB7');
Insert into SUBMISSION_TYPE (SUBMISSION_TYPE_CODE,DESCRIPTION,UPDATE_TIMESTAMP,UPDATE_USER,VER_NBR,OBJ_ID) values ('131','Withdraw Submission',to_timestamp('14-MAR-14 09.58.00.000000000 AM','DD-MON-RR HH.MI.SS.FF AM'),'admin',1,'F492751799FE33EDE040DC0A1F8A3D59');
commit
/
INSERT INTO SUBMISSION_TYPE(SUBMISSION_TYPE_CODE,DESCRIPTION,UPDATE_TIMESTAMP,UPDATE_USER,VER_NBR,OBJ_ID) 
select t1.SUBMISSION_TYPE_CODE,t1.DESCRIPTION,t1.UPDATE_TIMESTAMP,t1.UPDATE_USER,1,SYS_GUID()
from OSP$SUBMISSION_TYPE@coeus.kuali t1 
left outer join SUBMISSION_TYPE t2 on t1.SUBMISSION_TYPE_CODE = t2.SUBMISSION_TYPE_CODE
where t2.SUBMISSION_TYPE_CODE is null
/
commit
/
ALTER TABLE PROTOCOL_SUBMISSION ENABLE CONSTRAINT FK_PROTOCOL_SUBMISSION6
/
ALTER TABLE VALID_PROTO_SUB_REV_TYPE ENABLE CONSTRAINT FK_VALID_PROTO_SUB_REV_TYPE
/
ALTER TABLE VALID_PROTO_SUB_TYPE_QUAL ENABLE CONSTRAINT FK_VALID_PROTO_SUB_TYPE_QUAL
/
-----SUBMISSION_STATUS
ALTER TABLE PROTOCOL_SUBMISSION DISABLE CONSTRAINT FK_PROTOCOL_SUBMISSION5
/
TRUNCATE TABLE SUBMISSION_STATUS
/
Insert into SUBMISSION_STATUS (SUBMISSION_STATUS_CODE,DESCRIPTION,UPDATE_TIMESTAMP,UPDATE_USER,VER_NBR,OBJ_ID) values ('100','Submitted to Committee',to_timestamp('14-MAR-14 09.55.49.000000000 AM','DD-MON-RR HH.MI.SS.FF AM'),'admin',1,'F4926C2B1CCA3D63E040DC0A1F8A3C9C');
Insert into SUBMISSION_STATUS (SUBMISSION_STATUS_CODE,DESCRIPTION,UPDATE_TIMESTAMP,UPDATE_USER,VER_NBR,OBJ_ID) values ('101','In Agenda',to_timestamp('14-MAR-14 09.55.49.000000000 AM','DD-MON-RR HH.MI.SS.FF AM'),'admin',1,'F4926C2B1CCB3D63E040DC0A1F8A3C9C');
Insert into SUBMISSION_STATUS (SUBMISSION_STATUS_CODE,DESCRIPTION,UPDATE_TIMESTAMP,UPDATE_USER,VER_NBR,OBJ_ID) values ('102','Pending',to_timestamp('14-MAR-14 09.55.49.000000000 AM','DD-MON-RR HH.MI.SS.FF AM'),'admin',1,'F4926C2B1CCC3D63E040DC0A1F8A3C9C');
Insert into SUBMISSION_STATUS (SUBMISSION_STATUS_CODE,DESCRIPTION,UPDATE_TIMESTAMP,UPDATE_USER,VER_NBR,OBJ_ID) values ('104','IRB review not required',to_timestamp('14-MAR-14 09.55.49.000000000 AM','DD-MON-RR HH.MI.SS.FF AM'),'admin',1,'F4926C2B1CCD3D63E040DC0A1F8A3C9C');
Insert into SUBMISSION_STATUS (SUBMISSION_STATUS_CODE,DESCRIPTION,UPDATE_TIMESTAMP,UPDATE_USER,VER_NBR,OBJ_ID) values ('200','Complete',to_timestamp('14-MAR-14 09.55.49.000000000 AM','DD-MON-RR HH.MI.SS.FF AM'),'admin',1,'F4926C2B1CCE3D63E040DC0A1F8A3C9C');
Insert into SUBMISSION_STATUS (SUBMISSION_STATUS_CODE,DESCRIPTION,UPDATE_TIMESTAMP,UPDATE_USER,VER_NBR,OBJ_ID) values ('201','Substantive Revisions Required',to_timestamp('14-MAR-14 09.55.49.000000000 AM','DD-MON-RR HH.MI.SS.FF AM'),'admin',1,'F4926C2B1CCF3D63E040DC0A1F8A3C9C');
Insert into SUBMISSION_STATUS (SUBMISSION_STATUS_CODE,DESCRIPTION,UPDATE_TIMESTAMP,UPDATE_USER,VER_NBR,OBJ_ID) values ('202','Specific Minor Revisions Requested',to_timestamp('14-MAR-14 09.55.49.000000000 AM','DD-MON-RR HH.MI.SS.FF AM'),'admin',1,'F4926C2B1CD03D63E040DC0A1F8A3C9C');
Insert into SUBMISSION_STATUS (SUBMISSION_STATUS_CODE,DESCRIPTION,UPDATE_TIMESTAMP,UPDATE_USER,VER_NBR,OBJ_ID) values ('203','Approved',to_timestamp('14-MAR-14 09.55.49.000000000 AM','DD-MON-RR HH.MI.SS.FF AM'),'admin',1,'F4926C2B1CD13D63E040DC0A1F8A3C9C');
Insert into SUBMISSION_STATUS (SUBMISSION_STATUS_CODE,DESCRIPTION,UPDATE_TIMESTAMP,UPDATE_USER,VER_NBR,OBJ_ID) values ('204','Exemption Granted',to_timestamp('14-MAR-14 09.55.49.000000000 AM','DD-MON-RR HH.MI.SS.FF AM'),'admin',1,'F4926C2B1CD23D63E040DC0A1F8A3C9C');
Insert into SUBMISSION_STATUS (SUBMISSION_STATUS_CODE,DESCRIPTION,UPDATE_TIMESTAMP,UPDATE_USER,VER_NBR,OBJ_ID) values ('205','Disapproved',to_timestamp('14-MAR-14 09.55.49.000000000 AM','DD-MON-RR HH.MI.SS.FF AM'),'admin',1,'F4926C2B1CD33D63E040DC0A1F8A3C9C');
Insert into SUBMISSION_STATUS (SUBMISSION_STATUS_CODE,DESCRIPTION,UPDATE_TIMESTAMP,UPDATE_USER,VER_NBR,OBJ_ID) values ('206','Deferred',to_timestamp('14-MAR-14 09.55.49.000000000 AM','DD-MON-RR HH.MI.SS.FF AM'),'admin',1,'F4926C2B1CD43D63E040DC0A1F8A3C9C');
Insert into SUBMISSION_STATUS (SUBMISSION_STATUS_CODE,DESCRIPTION,UPDATE_TIMESTAMP,UPDATE_USER,VER_NBR,OBJ_ID) values ('207','Closed',to_timestamp('14-MAR-14 09.55.49.000000000 AM','DD-MON-RR HH.MI.SS.FF AM'),'admin',1,'F4926C2B1CD53D63E040DC0A1F8A3C9C');
Insert into SUBMISSION_STATUS (SUBMISSION_STATUS_CODE,DESCRIPTION,UPDATE_TIMESTAMP,UPDATE_USER,VER_NBR,OBJ_ID) values ('208','Terminated',to_timestamp('14-MAR-14 09.55.49.000000000 AM','DD-MON-RR HH.MI.SS.FF AM'),'admin',1,'F4926C2B1CD63D63E040DC0A1F8A3C9C');
Insert into SUBMISSION_STATUS (SUBMISSION_STATUS_CODE,DESCRIPTION,UPDATE_TIMESTAMP,UPDATE_USER,VER_NBR,OBJ_ID) values ('209','Suspended',to_timestamp('14-MAR-14 09.55.49.000000000 AM','DD-MON-RR HH.MI.SS.FF AM'),'admin',1,'F4926C2B1CD73D63E040DC0A1F8A3C9C');
Insert into SUBMISSION_STATUS (SUBMISSION_STATUS_CODE,DESCRIPTION,UPDATE_TIMESTAMP,UPDATE_USER,VER_NBR,OBJ_ID) values ('210','Withdrawn',to_timestamp('14-MAR-14 09.55.49.000000000 AM','DD-MON-RR HH.MI.SS.FF AM'),'admin',1,'F4926C2B1CD83D63E040DC0A1F8A3C9C');
Insert into SUBMISSION_STATUS (SUBMISSION_STATUS_CODE,DESCRIPTION,UPDATE_TIMESTAMP,UPDATE_USER,VER_NBR,OBJ_ID) values ('211','Closed for Enrollment',to_timestamp('14-MAR-14 09.55.49.000000000 AM','DD-MON-RR HH.MI.SS.FF AM'),'admin',1,'F4926C2B1CD93D63E040DC0A1F8A3C9C');
Insert into SUBMISSION_STATUS (SUBMISSION_STATUS_CODE,DESCRIPTION,UPDATE_TIMESTAMP,UPDATE_USER,VER_NBR,OBJ_ID) values ('212','IRB Acknowledgement',to_timestamp('14-MAR-14 09.55.49.000000000 AM','DD-MON-RR HH.MI.SS.FF AM'),'admin',1,'F4926C2B1CDA3D63E040DC0A1F8A3C9C');
Insert into SUBMISSION_STATUS (SUBMISSION_STATUS_CODE,DESCRIPTION,UPDATE_TIMESTAMP,UPDATE_USER,VER_NBR,OBJ_ID) values ('213','Returned To PI',to_timestamp('14-MAR-14 09.57.45.000000000 AM','DD-MON-RR HH.MI.SS.FF AM'),'admin',1,'F4927412B473B17AE040DC0A1F8A3D26');
Insert into SUBMISSION_STATUS (SUBMISSION_STATUS_CODE,DESCRIPTION,UPDATE_TIMESTAMP,UPDATE_USER,VER_NBR,OBJ_ID) values ('221','Open for Enrollment',to_timestamp('14-MAR-14 09.55.49.000000000 AM','DD-MON-RR HH.MI.SS.FF AM'),'admin',1,'F4926C2B1CDB3D63E040DC0A1F8A3C9C');
Insert into SUBMISSION_STATUS (SUBMISSION_STATUS_CODE,DESCRIPTION,UPDATE_TIMESTAMP,UPDATE_USER,VER_NBR,OBJ_ID) values ('222','Data Analysis Only',to_timestamp('14-MAR-14 09.55.49.000000000 AM','DD-MON-RR HH.MI.SS.FF AM'),'admin',1,'F4926C2B1CDC3D63E040DC0A1F8A3C9C');
Insert into SUBMISSION_STATUS (SUBMISSION_STATUS_CODE,DESCRIPTION,UPDATE_TIMESTAMP,UPDATE_USER,VER_NBR,OBJ_ID) values ('405','Rejected In Routing',to_timestamp('14-MAR-14 09.57.50.000000000 AM','DD-MON-RR HH.MI.SS.FF AM'),'admin',1,'F49274972734933AE040DC0A1F8A3D3C');
Insert into SUBMISSION_STATUS (SUBMISSION_STATUS_CODE,DESCRIPTION,UPDATE_TIMESTAMP,UPDATE_USER,VER_NBR,OBJ_ID) values ('406','Recalled in Routing',to_timestamp('14-MAR-14 09.57.50.000000000 AM','DD-MON-RR HH.MI.SS.FF AM'),'admin',1,'F4927497270E933AE040DC0A1F8A3D3C');
commit
/
INSERT INTO SUBMISSION_STATUS(SUBMISSION_STATUS_CODE,DESCRIPTION,UPDATE_TIMESTAMP,UPDATE_USER,VER_NBR,OBJ_ID)
SELECT coeus.SUBMISSION_STATUS_CODE,coeus.DESCRIPTION,SYSDATE,coeus.UPDATE_USER,1,SYS_GUID() from 
(
SELECT DISTINCT t1.SUBMISSION_STATUS_CODE, t1.DESCRIPTION, t1.UPDATE_USER FROM OSP$SUBMISSION_STATUS@coeus.kuali t1
LEFT OUTER JOIN SUBMISSION_STATUS t2 on t1.SUBMISSION_STATUS_CODE = t2.SUBMISSION_STATUS_CODE
WHERE t2.SUBMISSION_STATUS_CODE is null
) coeus
/
commit
/
ALTER TABLE PROTOCOL_SUBMISSION ENABLE CONSTRAINT FK_PROTOCOL_SUBMISSION5
/
--- VALID_PROTO_ACTION_CORESP
TRUNCATE TABLE VALID_PROTO_ACTION_CORESP
/
Insert into VALID_PROTO_ACTION_CORESP (VALID_PROTO_ACTION_CORESP_ID,PROTOCOL_ACTION_TYPE_CODE,PROTO_CORRESP_TYPE_CODE,UPDATE_TIMESTAMP,UPDATE_USER,FINAL_FLAG,VER_NBR,OBJ_ID) values (1,'101','18',to_timestamp('14-MAR-14 09.58.00.000000000 AM','DD-MON-RR HH.MI.SS.FF AM'),'admin','N',1,'F49275179A8933EDE040DC0A1F8A3D59');
Insert into VALID_PROTO_ACTION_CORESP (VALID_PROTO_ACTION_CORESP_ID,PROTOCOL_ACTION_TYPE_CODE,PROTO_CORRESP_TYPE_CODE,UPDATE_TIMESTAMP,UPDATE_USER,FINAL_FLAG,VER_NBR,OBJ_ID) values (2,'101','19',to_timestamp('14-MAR-14 09.58.00.000000000 AM','DD-MON-RR HH.MI.SS.FF AM'),'admin','N',1,'F49275179A8A33EDE040DC0A1F8A3D59');
Insert into VALID_PROTO_ACTION_CORESP (VALID_PROTO_ACTION_CORESP_ID,PROTOCOL_ACTION_TYPE_CODE,PROTO_CORRESP_TYPE_CODE,UPDATE_TIMESTAMP,UPDATE_USER,FINAL_FLAG,VER_NBR,OBJ_ID) values (3,'303','16',to_timestamp('14-MAR-14 09.58.00.000000000 AM','DD-MON-RR HH.MI.SS.FF AM'),'admin','N',1,'F49275179A8B33EDE040DC0A1F8A3D59');
Insert into VALID_PROTO_ACTION_CORESP (VALID_PROTO_ACTION_CORESP_ID,PROTOCOL_ACTION_TYPE_CODE,PROTO_CORRESP_TYPE_CODE,UPDATE_TIMESTAMP,UPDATE_USER,FINAL_FLAG,VER_NBR,OBJ_ID) values (4,'204','1',to_timestamp('14-MAR-14 09.58.00.000000000 AM','DD-MON-RR HH.MI.SS.FF AM'),'admin','N',1,'F49275179A8C33EDE040DC0A1F8A3D59');
Insert into VALID_PROTO_ACTION_CORESP (VALID_PROTO_ACTION_CORESP_ID,PROTOCOL_ACTION_TYPE_CODE,PROTO_CORRESP_TYPE_CODE,UPDATE_TIMESTAMP,UPDATE_USER,FINAL_FLAG,VER_NBR,OBJ_ID) values (5,'304','2',to_timestamp('14-MAR-14 09.58.00.000000000 AM','DD-MON-RR HH.MI.SS.FF AM'),'admin','N',1,'F49275179A8D33EDE040DC0A1F8A3D59');
Insert into VALID_PROTO_ACTION_CORESP (VALID_PROTO_ACTION_CORESP_ID,PROTOCOL_ACTION_TYPE_CODE,PROTO_CORRESP_TYPE_CODE,UPDATE_TIMESTAMP,UPDATE_USER,FINAL_FLAG,VER_NBR,OBJ_ID) values (6,'300','26',to_timestamp('14-MAR-14 09.58.00.000000000 AM','DD-MON-RR HH.MI.SS.FF AM'),'admin','N',1,'F49275179A8E33EDE040DC0A1F8A3D59');
Insert into VALID_PROTO_ACTION_CORESP (VALID_PROTO_ACTION_CORESP_ID,PROTOCOL_ACTION_TYPE_CODE,PROTO_CORRESP_TYPE_CODE,UPDATE_TIMESTAMP,UPDATE_USER,FINAL_FLAG,VER_NBR,OBJ_ID) values (7,'301','8',to_timestamp('14-MAR-14 09.58.00.000000000 AM','DD-MON-RR HH.MI.SS.FF AM'),'admin','N',1,'F49275179A8F33EDE040DC0A1F8A3D59');
Insert into VALID_PROTO_ACTION_CORESP (VALID_PROTO_ACTION_CORESP_ID,PROTOCOL_ACTION_TYPE_CODE,PROTO_CORRESP_TYPE_CODE,UPDATE_TIMESTAMP,UPDATE_USER,FINAL_FLAG,VER_NBR,OBJ_ID) values (8,'302','7',to_timestamp('14-MAR-14 09.58.00.000000000 AM','DD-MON-RR HH.MI.SS.FF AM'),'admin','N',1,'F49275179A9033EDE040DC0A1F8A3D59');
Insert into VALID_PROTO_ACTION_CORESP (VALID_PROTO_ACTION_CORESP_ID,PROTOCOL_ACTION_TYPE_CODE,PROTO_CORRESP_TYPE_CODE,UPDATE_TIMESTAMP,UPDATE_USER,FINAL_FLAG,VER_NBR,OBJ_ID) values (9,'306','7',to_timestamp('14-MAR-14 09.58.00.000000000 AM','DD-MON-RR HH.MI.SS.FF AM'),'admin','N',1,'F49275179A9133EDE040DC0A1F8A3D59');
Insert into VALID_PROTO_ACTION_CORESP (VALID_PROTO_ACTION_CORESP_ID,PROTOCOL_ACTION_TYPE_CODE,PROTO_CORRESP_TYPE_CODE,UPDATE_TIMESTAMP,UPDATE_USER,FINAL_FLAG,VER_NBR,OBJ_ID) values (10,'205','5',to_timestamp('14-MAR-14 09.58.00.000000000 AM','DD-MON-RR HH.MI.SS.FF AM'),'admin','N',1,'F49275179A9233EDE040DC0A1F8A3D59');
Insert into VALID_PROTO_ACTION_CORESP (VALID_PROTO_ACTION_CORESP_ID,PROTOCOL_ACTION_TYPE_CODE,PROTO_CORRESP_TYPE_CODE,UPDATE_TIMESTAMP,UPDATE_USER,FINAL_FLAG,VER_NBR,OBJ_ID) values (11,'206','17',to_timestamp('14-MAR-14 09.58.00.000000000 AM','DD-MON-RR HH.MI.SS.FF AM'),'admin','N',1,'F49275179A9333EDE040DC0A1F8A3D59');
Insert into VALID_PROTO_ACTION_CORESP (VALID_PROTO_ACTION_CORESP_ID,PROTOCOL_ACTION_TYPE_CODE,PROTO_CORRESP_TYPE_CODE,UPDATE_TIMESTAMP,UPDATE_USER,FINAL_FLAG,VER_NBR,OBJ_ID) values (12,'203','6',to_timestamp('14-MAR-14 09.58.00.000000000 AM','DD-MON-RR HH.MI.SS.FF AM'),'admin','N',1,'F49275179A9433EDE040DC0A1F8A3D59');
Insert into VALID_PROTO_ACTION_CORESP (VALID_PROTO_ACTION_CORESP_ID,PROTOCOL_ACTION_TYPE_CODE,PROTO_CORRESP_TYPE_CODE,UPDATE_TIMESTAMP,UPDATE_USER,FINAL_FLAG,VER_NBR,OBJ_ID) values (13,'202','4',to_timestamp('14-MAR-14 09.58.00.000000000 AM','DD-MON-RR HH.MI.SS.FF AM'),'admin','N',1,'F49275179A9533EDE040DC0A1F8A3D59');
Insert into VALID_PROTO_ACTION_CORESP (VALID_PROTO_ACTION_CORESP_ID,PROTOCOL_ACTION_TYPE_CODE,PROTO_CORRESP_TYPE_CODE,UPDATE_TIMESTAMP,UPDATE_USER,FINAL_FLAG,VER_NBR,OBJ_ID) values (14,'201','3',to_timestamp('14-MAR-14 09.58.00.000000000 AM','DD-MON-RR HH.MI.SS.FF AM'),'admin','N',1,'F49275179A9633EDE040DC0A1F8A3D59');
Insert into VALID_PROTO_ACTION_CORESP (VALID_PROTO_ACTION_CORESP_ID,PROTOCOL_ACTION_TYPE_CODE,PROTO_CORRESP_TYPE_CODE,UPDATE_TIMESTAMP,UPDATE_USER,FINAL_FLAG,VER_NBR,OBJ_ID) values (15,'119','28',to_timestamp('14-MAR-14 09.58.00.000000000 AM','DD-MON-RR HH.MI.SS.FF AM'),'admin','N',1,'F49275179A9733EDE040DC0A1F8A3D59');
commit
/
insert into VALID_PROTO_ACTION_CORESP(	VALID_PROTO_ACTION_CORESP_ID,	PROTOCOL_ACTION_TYPE_CODE,	PROTO_CORRESP_TYPE_CODE,
UPDATE_TIMESTAMP,	UPDATE_USER,	FINAL_FLAG,	VER_NBR,	OBJ_ID)
SELECT 	(select max(VALID_PROTO_ACTION_CORESP_ID) from VALID_PROTO_ACTION_CORESP )+ rownum VALID_PROTO_ACTION_CORESP_ID,
t1.PROTOCOL_ACTION_TYPE_CODE,	t1.PROTO_CORRESP_TYPE_CODE,	t1.UPDATE_TIMESTAMP,	t1.UPDATE_USER,
t1.FINAL_FLAG,	1,	SYS_GUID()
FROM OSP$VALID_PROTO_ACTION_CORESP@coeus.kuali t1
LEFT OUTER JOIN VALID_PROTO_ACTION_CORESP t2 on t1.PROTOCOL_ACTION_TYPE_CODE = t2.PROTOCOL_ACTION_TYPE_CODE
AND t1.PROTO_CORRESP_TYPE_CODE = t2.PROTO_CORRESP_TYPE_CODE
WHERE t2.PROTOCOL_ACTION_TYPE_CODE IS null
/
commit
/
--  VALID_PROTO_ACTION_ACTION
TRUNCATE TABLE VALID_PROTO_ACTION_ACTION
/
Insert into VALID_PROTO_ACTION_ACTION (VALID_PROTO_ACTION_ACTION_ID,PROTOCOL_ACTION_TYPE_CODE,ACTION_NUMBER,FOLLOWUP_ACTION_CODE,USER_PROMPT_FLAG,USER_PROMPT,UPDATE_TIMESTAMP,UPDATE_USER,OBJ_ID,COMM_DECISION_MOTION_TYPE_CODE) values (3,'308',1,'204','N',null,to_timestamp('14-MAR-14 09.56.18.000000000 AM','DD-MON-RR HH.MI.SS.FF AM'),'admin','F4926E3B9EA6FA72E040DC0A1F8A3CB7','1');
Insert into VALID_PROTO_ACTION_ACTION (VALID_PROTO_ACTION_ACTION_ID,PROTOCOL_ACTION_TYPE_CODE,ACTION_NUMBER,FOLLOWUP_ACTION_CODE,USER_PROMPT_FLAG,USER_PROMPT,UPDATE_TIMESTAMP,UPDATE_USER,OBJ_ID,COMM_DECISION_MOTION_TYPE_CODE) values (4,'308',1,'304','N',null,to_timestamp('14-MAR-14 09.56.18.000000000 AM','DD-MON-RR HH.MI.SS.FF AM'),'admin','F4926E3B9EA7FA72E040DC0A1F8A3CB7','2');
Insert into VALID_PROTO_ACTION_ACTION (VALID_PROTO_ACTION_ACTION_ID,PROTOCOL_ACTION_TYPE_CODE,ACTION_NUMBER,FOLLOWUP_ACTION_CODE,USER_PROMPT_FLAG,USER_PROMPT,UPDATE_TIMESTAMP,UPDATE_USER,OBJ_ID,COMM_DECISION_MOTION_TYPE_CODE) values (5,'308',1,'203','N',null,to_timestamp('14-MAR-14 09.56.18.000000000 AM','DD-MON-RR HH.MI.SS.FF AM'),'admin','F4926E3B9EA8FA72E040DC0A1F8A3CB7','3');
Insert into VALID_PROTO_ACTION_ACTION (VALID_PROTO_ACTION_ACTION_ID,PROTOCOL_ACTION_TYPE_CODE,ACTION_NUMBER,FOLLOWUP_ACTION_CODE,USER_PROMPT_FLAG,USER_PROMPT,UPDATE_TIMESTAMP,UPDATE_USER,OBJ_ID,COMM_DECISION_MOTION_TYPE_CODE) values (6,'308',1,'202','N',null,to_timestamp('14-MAR-14 09.56.18.000000000 AM','DD-MON-RR HH.MI.SS.FF AM'),'admin','F4926E3B9EA9FA72E040DC0A1F8A3CB7','4');
commit
/
insert into VALID_PROTO_ACTION_ACTION(VALID_PROTO_ACTION_ACTION_ID,PROTOCOL_ACTION_TYPE_CODE,ACTION_NUMBER,
FOLLOWUP_ACTION_CODE,USER_PROMPT_FLAG,USER_PROMPT,UPDATE_TIMESTAMP,UPDATE_USER,OBJ_ID,COMM_DECISION_MOTION_TYPE_CODE)
select
( select max(VALID_PROTO_ACTION_ACTION_ID) from VALID_PROTO_ACTION_ACTION ) + rownum AS VALID_PROTO_ACTION_ACTION_ID,
t1.PROTOCOL_ACTION_TYPE_CODE, t1.ACTION_NUMBER, t1.FOLLOWUP_ACTION_CODE, t1.USER_PROMPT_FLAG, t1.USER_PROMPT,
t1. UPDATE_TIMESTAMP, t1.UPDATE_USER,SYS_GUID(),
decode(t1.FOLLOWUP_ACTION_CODE,202,4,203,3,204,1,304,2,1) COMM_DECISION_MOTION_TYPE_CODE
from OSP$VALID_PROTO_ACTION_ACTION@coeus.kuali t1
LEFT OUTER JOIN VALID_PROTO_ACTION_ACTION t2 on t1.PROTOCOL_ACTION_TYPE_CODE = t2.PROTOCOL_ACTION_TYPE_CODE
AND t1.ACTION_NUMBER = t2.ACTION_NUMBER AND t1.FOLLOWUP_ACTION_CODE = t2.FOLLOWUP_ACTION_CODE
WHERE t2.PROTOCOL_ACTION_TYPE_CODE IS NULL
/
commit
/
---VALID_PROTO_SUB_REV_TYPE
TRUNCATE TABLE VALID_PROTO_SUB_REV_TYPE
/
Insert into VALID_PROTO_SUB_REV_TYPE (VALID_PROTO_SUB_REV_TYPE_ID,SUBMISSION_TYPE_CODE,PROTOCOL_REVIEW_TYPE_CODE,UPDATE_TIMESTAMP,UPDATE_USER,VER_NBR,OBJ_ID) values (1,'100','1',to_timestamp('14-MAR-14 09.55.53.000000000 AM','DD-MON-RR HH.MI.SS.FF AM'),'admin',1,'F4926C2B22273D63E040DC0A1F8A3C9C');
Insert into VALID_PROTO_SUB_REV_TYPE (VALID_PROTO_SUB_REV_TYPE_ID,SUBMISSION_TYPE_CODE,PROTOCOL_REVIEW_TYPE_CODE,UPDATE_TIMESTAMP,UPDATE_USER,VER_NBR,OBJ_ID) values (2,'100','2',to_timestamp('14-MAR-14 09.55.53.000000000 AM','DD-MON-RR HH.MI.SS.FF AM'),'admin',1,'F4926C2B22283D63E040DC0A1F8A3C9C');
Insert into VALID_PROTO_SUB_REV_TYPE (VALID_PROTO_SUB_REV_TYPE_ID,SUBMISSION_TYPE_CODE,PROTOCOL_REVIEW_TYPE_CODE,UPDATE_TIMESTAMP,UPDATE_USER,VER_NBR,OBJ_ID) values (3,'100','3',to_timestamp('14-MAR-14 09.55.53.000000000 AM','DD-MON-RR HH.MI.SS.FF AM'),'admin',1,'F4926C2B22293D63E040DC0A1F8A3C9C');
Insert into VALID_PROTO_SUB_REV_TYPE (VALID_PROTO_SUB_REV_TYPE_ID,SUBMISSION_TYPE_CODE,PROTOCOL_REVIEW_TYPE_CODE,UPDATE_TIMESTAMP,UPDATE_USER,VER_NBR,OBJ_ID) values (4,'100','4',to_timestamp('14-MAR-14 09.55.53.000000000 AM','DD-MON-RR HH.MI.SS.FF AM'),'admin',1,'F4926C2B222A3D63E040DC0A1F8A3C9C');
Insert into VALID_PROTO_SUB_REV_TYPE (VALID_PROTO_SUB_REV_TYPE_ID,SUBMISSION_TYPE_CODE,PROTOCOL_REVIEW_TYPE_CODE,UPDATE_TIMESTAMP,UPDATE_USER,VER_NBR,OBJ_ID) values (5,'100','5',to_timestamp('14-MAR-14 09.55.53.000000000 AM','DD-MON-RR HH.MI.SS.FF AM'),'admin',1,'F4926C2B222B3D63E040DC0A1F8A3C9C');
Insert into VALID_PROTO_SUB_REV_TYPE (VALID_PROTO_SUB_REV_TYPE_ID,SUBMISSION_TYPE_CODE,PROTOCOL_REVIEW_TYPE_CODE,UPDATE_TIMESTAMP,UPDATE_USER,VER_NBR,OBJ_ID) values (6,'100','6',to_timestamp('14-MAR-14 09.55.53.000000000 AM','DD-MON-RR HH.MI.SS.FF AM'),'admin',1,'F4926C2B222C3D63E040DC0A1F8A3C9C');
Insert into VALID_PROTO_SUB_REV_TYPE (VALID_PROTO_SUB_REV_TYPE_ID,SUBMISSION_TYPE_CODE,PROTOCOL_REVIEW_TYPE_CODE,UPDATE_TIMESTAMP,UPDATE_USER,VER_NBR,OBJ_ID) values (7,'100','7',to_timestamp('14-MAR-14 09.55.53.000000000 AM','DD-MON-RR HH.MI.SS.FF AM'),'admin',1,'F4926C2B222D3D63E040DC0A1F8A3C9C');
Insert into VALID_PROTO_SUB_REV_TYPE (VALID_PROTO_SUB_REV_TYPE_ID,SUBMISSION_TYPE_CODE,PROTOCOL_REVIEW_TYPE_CODE,UPDATE_TIMESTAMP,UPDATE_USER,VER_NBR,OBJ_ID) values (8,'101','1',to_timestamp('14-MAR-14 09.55.53.000000000 AM','DD-MON-RR HH.MI.SS.FF AM'),'admin',1,'F4926C2B222E3D63E040DC0A1F8A3C9C');
Insert into VALID_PROTO_SUB_REV_TYPE (VALID_PROTO_SUB_REV_TYPE_ID,SUBMISSION_TYPE_CODE,PROTOCOL_REVIEW_TYPE_CODE,UPDATE_TIMESTAMP,UPDATE_USER,VER_NBR,OBJ_ID) values (9,'101','2',to_timestamp('14-MAR-14 09.55.53.000000000 AM','DD-MON-RR HH.MI.SS.FF AM'),'admin',1,'F4926C2B222F3D63E040DC0A1F8A3C9C');
Insert into VALID_PROTO_SUB_REV_TYPE (VALID_PROTO_SUB_REV_TYPE_ID,SUBMISSION_TYPE_CODE,PROTOCOL_REVIEW_TYPE_CODE,UPDATE_TIMESTAMP,UPDATE_USER,VER_NBR,OBJ_ID) values (10,'101','3',to_timestamp('14-MAR-14 09.55.53.000000000 AM','DD-MON-RR HH.MI.SS.FF AM'),'admin',1,'F4926C2B22303D63E040DC0A1F8A3C9C');
Insert into VALID_PROTO_SUB_REV_TYPE (VALID_PROTO_SUB_REV_TYPE_ID,SUBMISSION_TYPE_CODE,PROTOCOL_REVIEW_TYPE_CODE,UPDATE_TIMESTAMP,UPDATE_USER,VER_NBR,OBJ_ID) values (11,'101','4',to_timestamp('14-MAR-14 09.55.53.000000000 AM','DD-MON-RR HH.MI.SS.FF AM'),'admin',1,'F4926C2B22313D63E040DC0A1F8A3C9C');
Insert into VALID_PROTO_SUB_REV_TYPE (VALID_PROTO_SUB_REV_TYPE_ID,SUBMISSION_TYPE_CODE,PROTOCOL_REVIEW_TYPE_CODE,UPDATE_TIMESTAMP,UPDATE_USER,VER_NBR,OBJ_ID) values (12,'101','5',to_timestamp('14-MAR-14 09.55.53.000000000 AM','DD-MON-RR HH.MI.SS.FF AM'),'admin',1,'F4926C2B22323D63E040DC0A1F8A3C9C');
Insert into VALID_PROTO_SUB_REV_TYPE (VALID_PROTO_SUB_REV_TYPE_ID,SUBMISSION_TYPE_CODE,PROTOCOL_REVIEW_TYPE_CODE,UPDATE_TIMESTAMP,UPDATE_USER,VER_NBR,OBJ_ID) values (13,'101','6',to_timestamp('14-MAR-14 09.55.53.000000000 AM','DD-MON-RR HH.MI.SS.FF AM'),'admin',1,'F4926C2B22333D63E040DC0A1F8A3C9C');
Insert into VALID_PROTO_SUB_REV_TYPE (VALID_PROTO_SUB_REV_TYPE_ID,SUBMISSION_TYPE_CODE,PROTOCOL_REVIEW_TYPE_CODE,UPDATE_TIMESTAMP,UPDATE_USER,VER_NBR,OBJ_ID) values (14,'101','7',to_timestamp('14-MAR-14 09.55.53.000000000 AM','DD-MON-RR HH.MI.SS.FF AM'),'admin',1,'F4926C2B22343D63E040DC0A1F8A3C9C');
Insert into VALID_PROTO_SUB_REV_TYPE (VALID_PROTO_SUB_REV_TYPE_ID,SUBMISSION_TYPE_CODE,PROTOCOL_REVIEW_TYPE_CODE,UPDATE_TIMESTAMP,UPDATE_USER,VER_NBR,OBJ_ID) values (15,'102','1',to_timestamp('14-MAR-14 09.55.53.000000000 AM','DD-MON-RR HH.MI.SS.FF AM'),'admin',1,'F4926C2B22353D63E040DC0A1F8A3C9C');
Insert into VALID_PROTO_SUB_REV_TYPE (VALID_PROTO_SUB_REV_TYPE_ID,SUBMISSION_TYPE_CODE,PROTOCOL_REVIEW_TYPE_CODE,UPDATE_TIMESTAMP,UPDATE_USER,VER_NBR,OBJ_ID) values (16,'102','2',to_timestamp('14-MAR-14 09.55.53.000000000 AM','DD-MON-RR HH.MI.SS.FF AM'),'admin',1,'F4926C2B22363D63E040DC0A1F8A3C9C');
Insert into VALID_PROTO_SUB_REV_TYPE (VALID_PROTO_SUB_REV_TYPE_ID,SUBMISSION_TYPE_CODE,PROTOCOL_REVIEW_TYPE_CODE,UPDATE_TIMESTAMP,UPDATE_USER,VER_NBR,OBJ_ID) values (17,'102','3',to_timestamp('14-MAR-14 09.55.53.000000000 AM','DD-MON-RR HH.MI.SS.FF AM'),'admin',1,'F4926C2B22373D63E040DC0A1F8A3C9C');
Insert into VALID_PROTO_SUB_REV_TYPE (VALID_PROTO_SUB_REV_TYPE_ID,SUBMISSION_TYPE_CODE,PROTOCOL_REVIEW_TYPE_CODE,UPDATE_TIMESTAMP,UPDATE_USER,VER_NBR,OBJ_ID) values (18,'102','4',to_timestamp('14-MAR-14 09.55.53.000000000 AM','DD-MON-RR HH.MI.SS.FF AM'),'admin',1,'F4926C2B22383D63E040DC0A1F8A3C9C');
Insert into VALID_PROTO_SUB_REV_TYPE (VALID_PROTO_SUB_REV_TYPE_ID,SUBMISSION_TYPE_CODE,PROTOCOL_REVIEW_TYPE_CODE,UPDATE_TIMESTAMP,UPDATE_USER,VER_NBR,OBJ_ID) values (19,'102','5',to_timestamp('14-MAR-14 09.55.53.000000000 AM','DD-MON-RR HH.MI.SS.FF AM'),'admin',1,'F4926C2B22393D63E040DC0A1F8A3C9C');
Insert into VALID_PROTO_SUB_REV_TYPE (VALID_PROTO_SUB_REV_TYPE_ID,SUBMISSION_TYPE_CODE,PROTOCOL_REVIEW_TYPE_CODE,UPDATE_TIMESTAMP,UPDATE_USER,VER_NBR,OBJ_ID) values (20,'102','6',to_timestamp('14-MAR-14 09.55.53.000000000 AM','DD-MON-RR HH.MI.SS.FF AM'),'admin',1,'F4926C2B223A3D63E040DC0A1F8A3C9C');
Insert into VALID_PROTO_SUB_REV_TYPE (VALID_PROTO_SUB_REV_TYPE_ID,SUBMISSION_TYPE_CODE,PROTOCOL_REVIEW_TYPE_CODE,UPDATE_TIMESTAMP,UPDATE_USER,VER_NBR,OBJ_ID) values (21,'102','7',to_timestamp('14-MAR-14 09.55.53.000000000 AM','DD-MON-RR HH.MI.SS.FF AM'),'admin',1,'F4926C2B223B3D63E040DC0A1F8A3C9C');
Insert into VALID_PROTO_SUB_REV_TYPE (VALID_PROTO_SUB_REV_TYPE_ID,SUBMISSION_TYPE_CODE,PROTOCOL_REVIEW_TYPE_CODE,UPDATE_TIMESTAMP,UPDATE_USER,VER_NBR,OBJ_ID) values (22,'103','1',to_timestamp('14-MAR-14 09.55.53.000000000 AM','DD-MON-RR HH.MI.SS.FF AM'),'admin',1,'F4926C2B223C3D63E040DC0A1F8A3C9C');
Insert into VALID_PROTO_SUB_REV_TYPE (VALID_PROTO_SUB_REV_TYPE_ID,SUBMISSION_TYPE_CODE,PROTOCOL_REVIEW_TYPE_CODE,UPDATE_TIMESTAMP,UPDATE_USER,VER_NBR,OBJ_ID) values (23,'103','2',to_timestamp('14-MAR-14 09.55.53.000000000 AM','DD-MON-RR HH.MI.SS.FF AM'),'admin',1,'F4926C2B223D3D63E040DC0A1F8A3C9C');
Insert into VALID_PROTO_SUB_REV_TYPE (VALID_PROTO_SUB_REV_TYPE_ID,SUBMISSION_TYPE_CODE,PROTOCOL_REVIEW_TYPE_CODE,UPDATE_TIMESTAMP,UPDATE_USER,VER_NBR,OBJ_ID) values (24,'103','3',to_timestamp('14-MAR-14 09.55.53.000000000 AM','DD-MON-RR HH.MI.SS.FF AM'),'admin',1,'F4926C2B223E3D63E040DC0A1F8A3C9C');
Insert into VALID_PROTO_SUB_REV_TYPE (VALID_PROTO_SUB_REV_TYPE_ID,SUBMISSION_TYPE_CODE,PROTOCOL_REVIEW_TYPE_CODE,UPDATE_TIMESTAMP,UPDATE_USER,VER_NBR,OBJ_ID) values (25,'103','4',to_timestamp('14-MAR-14 09.55.53.000000000 AM','DD-MON-RR HH.MI.SS.FF AM'),'admin',1,'F4926C2B223F3D63E040DC0A1F8A3C9C');
Insert into VALID_PROTO_SUB_REV_TYPE (VALID_PROTO_SUB_REV_TYPE_ID,SUBMISSION_TYPE_CODE,PROTOCOL_REVIEW_TYPE_CODE,UPDATE_TIMESTAMP,UPDATE_USER,VER_NBR,OBJ_ID) values (26,'103','5',to_timestamp('14-MAR-14 09.55.53.000000000 AM','DD-MON-RR HH.MI.SS.FF AM'),'admin',1,'F4926C2B22403D63E040DC0A1F8A3C9C');
Insert into VALID_PROTO_SUB_REV_TYPE (VALID_PROTO_SUB_REV_TYPE_ID,SUBMISSION_TYPE_CODE,PROTOCOL_REVIEW_TYPE_CODE,UPDATE_TIMESTAMP,UPDATE_USER,VER_NBR,OBJ_ID) values (27,'103','6',to_timestamp('14-MAR-14 09.55.53.000000000 AM','DD-MON-RR HH.MI.SS.FF AM'),'admin',1,'F4926C2B22413D63E040DC0A1F8A3C9C');
Insert into VALID_PROTO_SUB_REV_TYPE (VALID_PROTO_SUB_REV_TYPE_ID,SUBMISSION_TYPE_CODE,PROTOCOL_REVIEW_TYPE_CODE,UPDATE_TIMESTAMP,UPDATE_USER,VER_NBR,OBJ_ID) values (28,'103','7',to_timestamp('14-MAR-14 09.55.53.000000000 AM','DD-MON-RR HH.MI.SS.FF AM'),'admin',1,'F4926C2B22423D63E040DC0A1F8A3C9C');
Insert into VALID_PROTO_SUB_REV_TYPE (VALID_PROTO_SUB_REV_TYPE_ID,SUBMISSION_TYPE_CODE,PROTOCOL_REVIEW_TYPE_CODE,UPDATE_TIMESTAMP,UPDATE_USER,VER_NBR,OBJ_ID) values (29,'104','1',to_timestamp('14-MAR-14 09.55.53.000000000 AM','DD-MON-RR HH.MI.SS.FF AM'),'admin',1,'F4926C2B22433D63E040DC0A1F8A3C9C');
Insert into VALID_PROTO_SUB_REV_TYPE (VALID_PROTO_SUB_REV_TYPE_ID,SUBMISSION_TYPE_CODE,PROTOCOL_REVIEW_TYPE_CODE,UPDATE_TIMESTAMP,UPDATE_USER,VER_NBR,OBJ_ID) values (30,'104','2',to_timestamp('14-MAR-14 09.55.53.000000000 AM','DD-MON-RR HH.MI.SS.FF AM'),'admin',1,'F4926C2B22443D63E040DC0A1F8A3C9C');
Insert into VALID_PROTO_SUB_REV_TYPE (VALID_PROTO_SUB_REV_TYPE_ID,SUBMISSION_TYPE_CODE,PROTOCOL_REVIEW_TYPE_CODE,UPDATE_TIMESTAMP,UPDATE_USER,VER_NBR,OBJ_ID) values (31,'104','3',to_timestamp('14-MAR-14 09.55.53.000000000 AM','DD-MON-RR HH.MI.SS.FF AM'),'admin',1,'F4926C2B22453D63E040DC0A1F8A3C9C');
Insert into VALID_PROTO_SUB_REV_TYPE (VALID_PROTO_SUB_REV_TYPE_ID,SUBMISSION_TYPE_CODE,PROTOCOL_REVIEW_TYPE_CODE,UPDATE_TIMESTAMP,UPDATE_USER,VER_NBR,OBJ_ID) values (32,'104','4',to_timestamp('14-MAR-14 09.55.53.000000000 AM','DD-MON-RR HH.MI.SS.FF AM'),'admin',1,'F4926C2B22463D63E040DC0A1F8A3C9C');
Insert into VALID_PROTO_SUB_REV_TYPE (VALID_PROTO_SUB_REV_TYPE_ID,SUBMISSION_TYPE_CODE,PROTOCOL_REVIEW_TYPE_CODE,UPDATE_TIMESTAMP,UPDATE_USER,VER_NBR,OBJ_ID) values (33,'104','5',to_timestamp('14-MAR-14 09.55.53.000000000 AM','DD-MON-RR HH.MI.SS.FF AM'),'admin',1,'F4926C2B22473D63E040DC0A1F8A3C9C');
Insert into VALID_PROTO_SUB_REV_TYPE (VALID_PROTO_SUB_REV_TYPE_ID,SUBMISSION_TYPE_CODE,PROTOCOL_REVIEW_TYPE_CODE,UPDATE_TIMESTAMP,UPDATE_USER,VER_NBR,OBJ_ID) values (34,'104','6',to_timestamp('14-MAR-14 09.55.53.000000000 AM','DD-MON-RR HH.MI.SS.FF AM'),'admin',1,'F4926C2B22483D63E040DC0A1F8A3C9C');
Insert into VALID_PROTO_SUB_REV_TYPE (VALID_PROTO_SUB_REV_TYPE_ID,SUBMISSION_TYPE_CODE,PROTOCOL_REVIEW_TYPE_CODE,UPDATE_TIMESTAMP,UPDATE_USER,VER_NBR,OBJ_ID) values (35,'104','7',to_timestamp('14-MAR-14 09.55.53.000000000 AM','DD-MON-RR HH.MI.SS.FF AM'),'admin',1,'F4926C2B22493D63E040DC0A1F8A3C9C');
Insert into VALID_PROTO_SUB_REV_TYPE (VALID_PROTO_SUB_REV_TYPE_ID,SUBMISSION_TYPE_CODE,PROTOCOL_REVIEW_TYPE_CODE,UPDATE_TIMESTAMP,UPDATE_USER,VER_NBR,OBJ_ID) values (36,'105','1',to_timestamp('14-MAR-14 09.55.53.000000000 AM','DD-MON-RR HH.MI.SS.FF AM'),'admin',1,'F4926C2B224A3D63E040DC0A1F8A3C9C');
Insert into VALID_PROTO_SUB_REV_TYPE (VALID_PROTO_SUB_REV_TYPE_ID,SUBMISSION_TYPE_CODE,PROTOCOL_REVIEW_TYPE_CODE,UPDATE_TIMESTAMP,UPDATE_USER,VER_NBR,OBJ_ID) values (37,'105','2',to_timestamp('14-MAR-14 09.55.53.000000000 AM','DD-MON-RR HH.MI.SS.FF AM'),'admin',1,'F4926C2B224B3D63E040DC0A1F8A3C9C');
Insert into VALID_PROTO_SUB_REV_TYPE (VALID_PROTO_SUB_REV_TYPE_ID,SUBMISSION_TYPE_CODE,PROTOCOL_REVIEW_TYPE_CODE,UPDATE_TIMESTAMP,UPDATE_USER,VER_NBR,OBJ_ID) values (38,'105','3',to_timestamp('14-MAR-14 09.55.53.000000000 AM','DD-MON-RR HH.MI.SS.FF AM'),'admin',1,'F4926C2B224C3D63E040DC0A1F8A3C9C');
Insert into VALID_PROTO_SUB_REV_TYPE (VALID_PROTO_SUB_REV_TYPE_ID,SUBMISSION_TYPE_CODE,PROTOCOL_REVIEW_TYPE_CODE,UPDATE_TIMESTAMP,UPDATE_USER,VER_NBR,OBJ_ID) values (39,'105','4',to_timestamp('14-MAR-14 09.55.53.000000000 AM','DD-MON-RR HH.MI.SS.FF AM'),'admin',1,'F4926C2B224D3D63E040DC0A1F8A3C9C');
Insert into VALID_PROTO_SUB_REV_TYPE (VALID_PROTO_SUB_REV_TYPE_ID,SUBMISSION_TYPE_CODE,PROTOCOL_REVIEW_TYPE_CODE,UPDATE_TIMESTAMP,UPDATE_USER,VER_NBR,OBJ_ID) values (40,'105','5',to_timestamp('14-MAR-14 09.55.53.000000000 AM','DD-MON-RR HH.MI.SS.FF AM'),'admin',1,'F4926C2B224E3D63E040DC0A1F8A3C9C');
Insert into VALID_PROTO_SUB_REV_TYPE (VALID_PROTO_SUB_REV_TYPE_ID,SUBMISSION_TYPE_CODE,PROTOCOL_REVIEW_TYPE_CODE,UPDATE_TIMESTAMP,UPDATE_USER,VER_NBR,OBJ_ID) values (41,'105','6',to_timestamp('14-MAR-14 09.55.53.000000000 AM','DD-MON-RR HH.MI.SS.FF AM'),'admin',1,'F4926C2B224F3D63E040DC0A1F8A3C9C');
Insert into VALID_PROTO_SUB_REV_TYPE (VALID_PROTO_SUB_REV_TYPE_ID,SUBMISSION_TYPE_CODE,PROTOCOL_REVIEW_TYPE_CODE,UPDATE_TIMESTAMP,UPDATE_USER,VER_NBR,OBJ_ID) values (42,'105','7',to_timestamp('14-MAR-14 09.55.53.000000000 AM','DD-MON-RR HH.MI.SS.FF AM'),'admin',1,'F4926C2B22503D63E040DC0A1F8A3C9C');
Insert into VALID_PROTO_SUB_REV_TYPE (VALID_PROTO_SUB_REV_TYPE_ID,SUBMISSION_TYPE_CODE,PROTOCOL_REVIEW_TYPE_CODE,UPDATE_TIMESTAMP,UPDATE_USER,VER_NBR,OBJ_ID) values (43,'106','1',to_timestamp('14-MAR-14 09.55.53.000000000 AM','DD-MON-RR HH.MI.SS.FF AM'),'admin',1,'F4926C2B22513D63E040DC0A1F8A3C9C');
Insert into VALID_PROTO_SUB_REV_TYPE (VALID_PROTO_SUB_REV_TYPE_ID,SUBMISSION_TYPE_CODE,PROTOCOL_REVIEW_TYPE_CODE,UPDATE_TIMESTAMP,UPDATE_USER,VER_NBR,OBJ_ID) values (44,'106','2',to_timestamp('14-MAR-14 09.55.53.000000000 AM','DD-MON-RR HH.MI.SS.FF AM'),'admin',1,'F4926C2B22523D63E040DC0A1F8A3C9C');
Insert into VALID_PROTO_SUB_REV_TYPE (VALID_PROTO_SUB_REV_TYPE_ID,SUBMISSION_TYPE_CODE,PROTOCOL_REVIEW_TYPE_CODE,UPDATE_TIMESTAMP,UPDATE_USER,VER_NBR,OBJ_ID) values (45,'106','3',to_timestamp('14-MAR-14 09.55.53.000000000 AM','DD-MON-RR HH.MI.SS.FF AM'),'admin',1,'F4926C2B22533D63E040DC0A1F8A3C9C');
Insert into VALID_PROTO_SUB_REV_TYPE (VALID_PROTO_SUB_REV_TYPE_ID,SUBMISSION_TYPE_CODE,PROTOCOL_REVIEW_TYPE_CODE,UPDATE_TIMESTAMP,UPDATE_USER,VER_NBR,OBJ_ID) values (46,'106','4',to_timestamp('14-MAR-14 09.55.53.000000000 AM','DD-MON-RR HH.MI.SS.FF AM'),'admin',1,'F4926C2B22543D63E040DC0A1F8A3C9C');
Insert into VALID_PROTO_SUB_REV_TYPE (VALID_PROTO_SUB_REV_TYPE_ID,SUBMISSION_TYPE_CODE,PROTOCOL_REVIEW_TYPE_CODE,UPDATE_TIMESTAMP,UPDATE_USER,VER_NBR,OBJ_ID) values (47,'106','5',to_timestamp('14-MAR-14 09.55.53.000000000 AM','DD-MON-RR HH.MI.SS.FF AM'),'admin',1,'F4926C2B22553D63E040DC0A1F8A3C9C');
Insert into VALID_PROTO_SUB_REV_TYPE (VALID_PROTO_SUB_REV_TYPE_ID,SUBMISSION_TYPE_CODE,PROTOCOL_REVIEW_TYPE_CODE,UPDATE_TIMESTAMP,UPDATE_USER,VER_NBR,OBJ_ID) values (48,'106','6',to_timestamp('14-MAR-14 09.55.53.000000000 AM','DD-MON-RR HH.MI.SS.FF AM'),'admin',1,'F4926C2B22563D63E040DC0A1F8A3C9C');
Insert into VALID_PROTO_SUB_REV_TYPE (VALID_PROTO_SUB_REV_TYPE_ID,SUBMISSION_TYPE_CODE,PROTOCOL_REVIEW_TYPE_CODE,UPDATE_TIMESTAMP,UPDATE_USER,VER_NBR,OBJ_ID) values (49,'106','7',to_timestamp('14-MAR-14 09.55.53.000000000 AM','DD-MON-RR HH.MI.SS.FF AM'),'admin',1,'F4926C2B22573D63E040DC0A1F8A3C9C');
Insert into VALID_PROTO_SUB_REV_TYPE (VALID_PROTO_SUB_REV_TYPE_ID,SUBMISSION_TYPE_CODE,PROTOCOL_REVIEW_TYPE_CODE,UPDATE_TIMESTAMP,UPDATE_USER,VER_NBR,OBJ_ID) values (50,'107','1',to_timestamp('14-MAR-14 09.55.53.000000000 AM','DD-MON-RR HH.MI.SS.FF AM'),'admin',1,'F4926C2B22583D63E040DC0A1F8A3C9C');
Insert into VALID_PROTO_SUB_REV_TYPE (VALID_PROTO_SUB_REV_TYPE_ID,SUBMISSION_TYPE_CODE,PROTOCOL_REVIEW_TYPE_CODE,UPDATE_TIMESTAMP,UPDATE_USER,VER_NBR,OBJ_ID) values (51,'107','2',to_timestamp('14-MAR-14 09.55.53.000000000 AM','DD-MON-RR HH.MI.SS.FF AM'),'admin',1,'F4926C2B22593D63E040DC0A1F8A3C9C');
Insert into VALID_PROTO_SUB_REV_TYPE (VALID_PROTO_SUB_REV_TYPE_ID,SUBMISSION_TYPE_CODE,PROTOCOL_REVIEW_TYPE_CODE,UPDATE_TIMESTAMP,UPDATE_USER,VER_NBR,OBJ_ID) values (52,'107','3',to_timestamp('14-MAR-14 09.55.53.000000000 AM','DD-MON-RR HH.MI.SS.FF AM'),'admin',1,'F4926C2B225A3D63E040DC0A1F8A3C9C');
Insert into VALID_PROTO_SUB_REV_TYPE (VALID_PROTO_SUB_REV_TYPE_ID,SUBMISSION_TYPE_CODE,PROTOCOL_REVIEW_TYPE_CODE,UPDATE_TIMESTAMP,UPDATE_USER,VER_NBR,OBJ_ID) values (53,'107','4',to_timestamp('14-MAR-14 09.55.53.000000000 AM','DD-MON-RR HH.MI.SS.FF AM'),'admin',1,'F4926C2B225B3D63E040DC0A1F8A3C9C');
Insert into VALID_PROTO_SUB_REV_TYPE (VALID_PROTO_SUB_REV_TYPE_ID,SUBMISSION_TYPE_CODE,PROTOCOL_REVIEW_TYPE_CODE,UPDATE_TIMESTAMP,UPDATE_USER,VER_NBR,OBJ_ID) values (54,'107','5',to_timestamp('14-MAR-14 09.55.53.000000000 AM','DD-MON-RR HH.MI.SS.FF AM'),'admin',1,'F4926C2B225C3D63E040DC0A1F8A3C9C');
Insert into VALID_PROTO_SUB_REV_TYPE (VALID_PROTO_SUB_REV_TYPE_ID,SUBMISSION_TYPE_CODE,PROTOCOL_REVIEW_TYPE_CODE,UPDATE_TIMESTAMP,UPDATE_USER,VER_NBR,OBJ_ID) values (55,'107','6',to_timestamp('14-MAR-14 09.55.53.000000000 AM','DD-MON-RR HH.MI.SS.FF AM'),'admin',1,'F4926C2B225D3D63E040DC0A1F8A3C9C');
Insert into VALID_PROTO_SUB_REV_TYPE (VALID_PROTO_SUB_REV_TYPE_ID,SUBMISSION_TYPE_CODE,PROTOCOL_REVIEW_TYPE_CODE,UPDATE_TIMESTAMP,UPDATE_USER,VER_NBR,OBJ_ID) values (56,'107','7',to_timestamp('14-MAR-14 09.55.53.000000000 AM','DD-MON-RR HH.MI.SS.FF AM'),'admin',1,'F4926C2B225E3D63E040DC0A1F8A3C9C');
Insert into VALID_PROTO_SUB_REV_TYPE (VALID_PROTO_SUB_REV_TYPE_ID,SUBMISSION_TYPE_CODE,PROTOCOL_REVIEW_TYPE_CODE,UPDATE_TIMESTAMP,UPDATE_USER,VER_NBR,OBJ_ID) values (57,'108','1',to_timestamp('14-MAR-14 09.55.53.000000000 AM','DD-MON-RR HH.MI.SS.FF AM'),'admin',1,'F4926C2B225F3D63E040DC0A1F8A3C9C');
Insert into VALID_PROTO_SUB_REV_TYPE (VALID_PROTO_SUB_REV_TYPE_ID,SUBMISSION_TYPE_CODE,PROTOCOL_REVIEW_TYPE_CODE,UPDATE_TIMESTAMP,UPDATE_USER,VER_NBR,OBJ_ID) values (58,'108','2',to_timestamp('14-MAR-14 09.55.53.000000000 AM','DD-MON-RR HH.MI.SS.FF AM'),'admin',1,'F4926C2B22603D63E040DC0A1F8A3C9C');
Insert into VALID_PROTO_SUB_REV_TYPE (VALID_PROTO_SUB_REV_TYPE_ID,SUBMISSION_TYPE_CODE,PROTOCOL_REVIEW_TYPE_CODE,UPDATE_TIMESTAMP,UPDATE_USER,VER_NBR,OBJ_ID) values (59,'108','3',to_timestamp('14-MAR-14 09.55.53.000000000 AM','DD-MON-RR HH.MI.SS.FF AM'),'admin',1,'F4926C2B22613D63E040DC0A1F8A3C9C');
Insert into VALID_PROTO_SUB_REV_TYPE (VALID_PROTO_SUB_REV_TYPE_ID,SUBMISSION_TYPE_CODE,PROTOCOL_REVIEW_TYPE_CODE,UPDATE_TIMESTAMP,UPDATE_USER,VER_NBR,OBJ_ID) values (60,'108','4',to_timestamp('14-MAR-14 09.55.53.000000000 AM','DD-MON-RR HH.MI.SS.FF AM'),'admin',1,'F4926C2B22623D63E040DC0A1F8A3C9C');
Insert into VALID_PROTO_SUB_REV_TYPE (VALID_PROTO_SUB_REV_TYPE_ID,SUBMISSION_TYPE_CODE,PROTOCOL_REVIEW_TYPE_CODE,UPDATE_TIMESTAMP,UPDATE_USER,VER_NBR,OBJ_ID) values (61,'108','5',to_timestamp('14-MAR-14 09.55.53.000000000 AM','DD-MON-RR HH.MI.SS.FF AM'),'admin',1,'F4926C2B22633D63E040DC0A1F8A3C9C');
Insert into VALID_PROTO_SUB_REV_TYPE (VALID_PROTO_SUB_REV_TYPE_ID,SUBMISSION_TYPE_CODE,PROTOCOL_REVIEW_TYPE_CODE,UPDATE_TIMESTAMP,UPDATE_USER,VER_NBR,OBJ_ID) values (62,'108','6',to_timestamp('14-MAR-14 09.55.53.000000000 AM','DD-MON-RR HH.MI.SS.FF AM'),'admin',1,'F4926C2B22643D63E040DC0A1F8A3C9C');
Insert into VALID_PROTO_SUB_REV_TYPE (VALID_PROTO_SUB_REV_TYPE_ID,SUBMISSION_TYPE_CODE,PROTOCOL_REVIEW_TYPE_CODE,UPDATE_TIMESTAMP,UPDATE_USER,VER_NBR,OBJ_ID) values (63,'108','7',to_timestamp('14-MAR-14 09.55.53.000000000 AM','DD-MON-RR HH.MI.SS.FF AM'),'admin',1,'F4926C2B22653D63E040DC0A1F8A3C9C');
Insert into VALID_PROTO_SUB_REV_TYPE (VALID_PROTO_SUB_REV_TYPE_ID,SUBMISSION_TYPE_CODE,PROTOCOL_REVIEW_TYPE_CODE,UPDATE_TIMESTAMP,UPDATE_USER,VER_NBR,OBJ_ID) values (64,'109','1',to_timestamp('14-MAR-14 09.55.53.000000000 AM','DD-MON-RR HH.MI.SS.FF AM'),'admin',1,'F4926C2B22663D63E040DC0A1F8A3C9C');
Insert into VALID_PROTO_SUB_REV_TYPE (VALID_PROTO_SUB_REV_TYPE_ID,SUBMISSION_TYPE_CODE,PROTOCOL_REVIEW_TYPE_CODE,UPDATE_TIMESTAMP,UPDATE_USER,VER_NBR,OBJ_ID) values (65,'109','2',to_timestamp('14-MAR-14 09.55.53.000000000 AM','DD-MON-RR HH.MI.SS.FF AM'),'admin',1,'F4926C2B22673D63E040DC0A1F8A3C9C');
Insert into VALID_PROTO_SUB_REV_TYPE (VALID_PROTO_SUB_REV_TYPE_ID,SUBMISSION_TYPE_CODE,PROTOCOL_REVIEW_TYPE_CODE,UPDATE_TIMESTAMP,UPDATE_USER,VER_NBR,OBJ_ID) values (66,'109','3',to_timestamp('14-MAR-14 09.55.53.000000000 AM','DD-MON-RR HH.MI.SS.FF AM'),'admin',1,'F4926C2B22683D63E040DC0A1F8A3C9C');
Insert into VALID_PROTO_SUB_REV_TYPE (VALID_PROTO_SUB_REV_TYPE_ID,SUBMISSION_TYPE_CODE,PROTOCOL_REVIEW_TYPE_CODE,UPDATE_TIMESTAMP,UPDATE_USER,VER_NBR,OBJ_ID) values (67,'109','4',to_timestamp('14-MAR-14 09.55.53.000000000 AM','DD-MON-RR HH.MI.SS.FF AM'),'admin',1,'F4926C2B22693D63E040DC0A1F8A3C9C');
Insert into VALID_PROTO_SUB_REV_TYPE (VALID_PROTO_SUB_REV_TYPE_ID,SUBMISSION_TYPE_CODE,PROTOCOL_REVIEW_TYPE_CODE,UPDATE_TIMESTAMP,UPDATE_USER,VER_NBR,OBJ_ID) values (68,'109','5',to_timestamp('14-MAR-14 09.55.53.000000000 AM','DD-MON-RR HH.MI.SS.FF AM'),'admin',1,'F4926C2B226A3D63E040DC0A1F8A3C9C');
Insert into VALID_PROTO_SUB_REV_TYPE (VALID_PROTO_SUB_REV_TYPE_ID,SUBMISSION_TYPE_CODE,PROTOCOL_REVIEW_TYPE_CODE,UPDATE_TIMESTAMP,UPDATE_USER,VER_NBR,OBJ_ID) values (69,'109','6',to_timestamp('14-MAR-14 09.55.53.000000000 AM','DD-MON-RR HH.MI.SS.FF AM'),'admin',1,'F4926C2B226B3D63E040DC0A1F8A3C9C');
Insert into VALID_PROTO_SUB_REV_TYPE (VALID_PROTO_SUB_REV_TYPE_ID,SUBMISSION_TYPE_CODE,PROTOCOL_REVIEW_TYPE_CODE,UPDATE_TIMESTAMP,UPDATE_USER,VER_NBR,OBJ_ID) values (70,'109','7',to_timestamp('14-MAR-14 09.55.53.000000000 AM','DD-MON-RR HH.MI.SS.FF AM'),'admin',1,'F4926C2B226C3D63E040DC0A1F8A3C9C');
Insert into VALID_PROTO_SUB_REV_TYPE (VALID_PROTO_SUB_REV_TYPE_ID,SUBMISSION_TYPE_CODE,PROTOCOL_REVIEW_TYPE_CODE,UPDATE_TIMESTAMP,UPDATE_USER,VER_NBR,OBJ_ID) values (71,'110','1',to_timestamp('14-MAR-14 09.55.53.000000000 AM','DD-MON-RR HH.MI.SS.FF AM'),'admin',1,'F4926C2B226D3D63E040DC0A1F8A3C9C');
Insert into VALID_PROTO_SUB_REV_TYPE (VALID_PROTO_SUB_REV_TYPE_ID,SUBMISSION_TYPE_CODE,PROTOCOL_REVIEW_TYPE_CODE,UPDATE_TIMESTAMP,UPDATE_USER,VER_NBR,OBJ_ID) values (72,'110','2',to_timestamp('14-MAR-14 09.55.53.000000000 AM','DD-MON-RR HH.MI.SS.FF AM'),'admin',1,'F4926C2B226E3D63E040DC0A1F8A3C9C');
Insert into VALID_PROTO_SUB_REV_TYPE (VALID_PROTO_SUB_REV_TYPE_ID,SUBMISSION_TYPE_CODE,PROTOCOL_REVIEW_TYPE_CODE,UPDATE_TIMESTAMP,UPDATE_USER,VER_NBR,OBJ_ID) values (73,'110','3',to_timestamp('14-MAR-14 09.55.53.000000000 AM','DD-MON-RR HH.MI.SS.FF AM'),'admin',1,'F4926C2B226F3D63E040DC0A1F8A3C9C');
Insert into VALID_PROTO_SUB_REV_TYPE (VALID_PROTO_SUB_REV_TYPE_ID,SUBMISSION_TYPE_CODE,PROTOCOL_REVIEW_TYPE_CODE,UPDATE_TIMESTAMP,UPDATE_USER,VER_NBR,OBJ_ID) values (74,'110','4',to_timestamp('14-MAR-14 09.55.53.000000000 AM','DD-MON-RR HH.MI.SS.FF AM'),'admin',1,'F4926C2B22703D63E040DC0A1F8A3C9C');
Insert into VALID_PROTO_SUB_REV_TYPE (VALID_PROTO_SUB_REV_TYPE_ID,SUBMISSION_TYPE_CODE,PROTOCOL_REVIEW_TYPE_CODE,UPDATE_TIMESTAMP,UPDATE_USER,VER_NBR,OBJ_ID) values (75,'110','5',to_timestamp('14-MAR-14 09.55.53.000000000 AM','DD-MON-RR HH.MI.SS.FF AM'),'admin',1,'F4926C2B22713D63E040DC0A1F8A3C9C');
Insert into VALID_PROTO_SUB_REV_TYPE (VALID_PROTO_SUB_REV_TYPE_ID,SUBMISSION_TYPE_CODE,PROTOCOL_REVIEW_TYPE_CODE,UPDATE_TIMESTAMP,UPDATE_USER,VER_NBR,OBJ_ID) values (76,'110','6',to_timestamp('14-MAR-14 09.55.53.000000000 AM','DD-MON-RR HH.MI.SS.FF AM'),'admin',1,'F4926C2B22723D63E040DC0A1F8A3C9C');
Insert into VALID_PROTO_SUB_REV_TYPE (VALID_PROTO_SUB_REV_TYPE_ID,SUBMISSION_TYPE_CODE,PROTOCOL_REVIEW_TYPE_CODE,UPDATE_TIMESTAMP,UPDATE_USER,VER_NBR,OBJ_ID) values (77,'110','7',to_timestamp('14-MAR-14 09.55.53.000000000 AM','DD-MON-RR HH.MI.SS.FF AM'),'admin',1,'F4926C2B22733D63E040DC0A1F8A3C9C');
Insert into VALID_PROTO_SUB_REV_TYPE (VALID_PROTO_SUB_REV_TYPE_ID,SUBMISSION_TYPE_CODE,PROTOCOL_REVIEW_TYPE_CODE,UPDATE_TIMESTAMP,UPDATE_USER,VER_NBR,OBJ_ID) values (78,'111','1',to_timestamp('14-MAR-14 09.55.53.000000000 AM','DD-MON-RR HH.MI.SS.FF AM'),'admin',1,'F4926C2B22743D63E040DC0A1F8A3C9C');
Insert into VALID_PROTO_SUB_REV_TYPE (VALID_PROTO_SUB_REV_TYPE_ID,SUBMISSION_TYPE_CODE,PROTOCOL_REVIEW_TYPE_CODE,UPDATE_TIMESTAMP,UPDATE_USER,VER_NBR,OBJ_ID) values (79,'111','2',to_timestamp('14-MAR-14 09.55.53.000000000 AM','DD-MON-RR HH.MI.SS.FF AM'),'admin',1,'F4926C2B22753D63E040DC0A1F8A3C9C');
Insert into VALID_PROTO_SUB_REV_TYPE (VALID_PROTO_SUB_REV_TYPE_ID,SUBMISSION_TYPE_CODE,PROTOCOL_REVIEW_TYPE_CODE,UPDATE_TIMESTAMP,UPDATE_USER,VER_NBR,OBJ_ID) values (80,'111','3',to_timestamp('14-MAR-14 09.55.53.000000000 AM','DD-MON-RR HH.MI.SS.FF AM'),'admin',1,'F4926C2B22763D63E040DC0A1F8A3C9C');
Insert into VALID_PROTO_SUB_REV_TYPE (VALID_PROTO_SUB_REV_TYPE_ID,SUBMISSION_TYPE_CODE,PROTOCOL_REVIEW_TYPE_CODE,UPDATE_TIMESTAMP,UPDATE_USER,VER_NBR,OBJ_ID) values (81,'111','4',to_timestamp('14-MAR-14 09.55.53.000000000 AM','DD-MON-RR HH.MI.SS.FF AM'),'admin',1,'F4926C2B22773D63E040DC0A1F8A3C9C');
Insert into VALID_PROTO_SUB_REV_TYPE (VALID_PROTO_SUB_REV_TYPE_ID,SUBMISSION_TYPE_CODE,PROTOCOL_REVIEW_TYPE_CODE,UPDATE_TIMESTAMP,UPDATE_USER,VER_NBR,OBJ_ID) values (82,'111','5',to_timestamp('14-MAR-14 09.55.53.000000000 AM','DD-MON-RR HH.MI.SS.FF AM'),'admin',1,'F4926C2B22783D63E040DC0A1F8A3C9C');
Insert into VALID_PROTO_SUB_REV_TYPE (VALID_PROTO_SUB_REV_TYPE_ID,SUBMISSION_TYPE_CODE,PROTOCOL_REVIEW_TYPE_CODE,UPDATE_TIMESTAMP,UPDATE_USER,VER_NBR,OBJ_ID) values (83,'111','6',to_timestamp('14-MAR-14 09.55.53.000000000 AM','DD-MON-RR HH.MI.SS.FF AM'),'admin',1,'F4926C2B22793D63E040DC0A1F8A3C9C');
Insert into VALID_PROTO_SUB_REV_TYPE (VALID_PROTO_SUB_REV_TYPE_ID,SUBMISSION_TYPE_CODE,PROTOCOL_REVIEW_TYPE_CODE,UPDATE_TIMESTAMP,UPDATE_USER,VER_NBR,OBJ_ID) values (84,'111','7',to_timestamp('14-MAR-14 09.55.53.000000000 AM','DD-MON-RR HH.MI.SS.FF AM'),'admin',1,'F4926C2B227A3D63E040DC0A1F8A3C9C');
Insert into VALID_PROTO_SUB_REV_TYPE (VALID_PROTO_SUB_REV_TYPE_ID,SUBMISSION_TYPE_CODE,PROTOCOL_REVIEW_TYPE_CODE,UPDATE_TIMESTAMP,UPDATE_USER,VER_NBR,OBJ_ID) values (85,'112','7',to_timestamp('14-MAR-14 09.55.53.000000000 AM','DD-MON-RR HH.MI.SS.FF AM'),'admin',1,'F4926C2B227B3D63E040DC0A1F8A3C9C');
commit
/
INSERT INTO VALID_PROTO_SUB_REV_TYPE(VALID_PROTO_SUB_REV_TYPE_ID,SUBMISSION_TYPE_CODE,PROTOCOL_REVIEW_TYPE_CODE,
UPDATE_TIMESTAMP,UPDATE_USER,VER_NBR,OBJ_ID)
SELECT  SEQ_PROTOCOL_ID.NEXTVAL,t1.SUBMISSION_TYPE_CODE,t1.PROTOCOL_REVIEW_TYPE_CODE,t1.UPDATE_TIMESTAMP,
t1.UPDATE_USER,1,SYS_GUID()
FROM OSP$VALID_PROTO_SUB_REV_TYPE@coeus.kuali t1 
LEFT OUTER JOIN VALID_PROTO_SUB_REV_TYPE t2 ON t1.SUBMISSION_TYPE_CODE = t2.SUBMISSION_TYPE_CODE
AND t1.PROTOCOL_REVIEW_TYPE_CODE = t2.PROTOCOL_REVIEW_TYPE_CODE
WHERE t2.PROTOCOL_REVIEW_TYPE_CODE IS NULL
/
commit
/
--VALID_PROTO_SUB_TYPE_QUAL
TRUNCATE TABLE VALID_PROTO_SUB_TYPE_QUAL
/
Insert into VALID_PROTO_SUB_TYPE_QUAL (VALID_PROTO_SUB_TYPE_QUAL_ID,SUBMISSION_TYPE_CODE,SUBMISSION_TYPE_QUAL_CODE,UPDATE_TIMESTAMP,UPDATE_USER,VER_NBR,OBJ_ID) values (86,'112','1',to_timestamp('14-MAR-14 09.55.53.000000000 AM','DD-MON-RR HH.MI.SS.FF AM'),'admin',1,'F4926C2B227C3D63E040DC0A1F8A3C9C');
Insert into VALID_PROTO_SUB_TYPE_QUAL (VALID_PROTO_SUB_TYPE_QUAL_ID,SUBMISSION_TYPE_CODE,SUBMISSION_TYPE_QUAL_CODE,UPDATE_TIMESTAMP,UPDATE_USER,VER_NBR,OBJ_ID) values (87,'112','2',to_timestamp('14-MAR-14 09.55.53.000000000 AM','DD-MON-RR HH.MI.SS.FF AM'),'admin',1,'F4926C2B227D3D63E040DC0A1F8A3C9C');
Insert into VALID_PROTO_SUB_TYPE_QUAL (VALID_PROTO_SUB_TYPE_QUAL_ID,SUBMISSION_TYPE_CODE,SUBMISSION_TYPE_QUAL_CODE,UPDATE_TIMESTAMP,UPDATE_USER,VER_NBR,OBJ_ID) values (88,'112','3',to_timestamp('14-MAR-14 09.55.53.000000000 AM','DD-MON-RR HH.MI.SS.FF AM'),'admin',1,'F4926C2B227E3D63E040DC0A1F8A3C9C');
Insert into VALID_PROTO_SUB_TYPE_QUAL (VALID_PROTO_SUB_TYPE_QUAL_ID,SUBMISSION_TYPE_CODE,SUBMISSION_TYPE_QUAL_CODE,UPDATE_TIMESTAMP,UPDATE_USER,VER_NBR,OBJ_ID) values (89,'112','8',to_timestamp('14-MAR-14 09.55.53.000000000 AM','DD-MON-RR HH.MI.SS.FF AM'),'admin',1,'F4926C2B227F3D63E040DC0A1F8A3C9C');
Insert into VALID_PROTO_SUB_TYPE_QUAL (VALID_PROTO_SUB_TYPE_QUAL_ID,SUBMISSION_TYPE_CODE,SUBMISSION_TYPE_QUAL_CODE,UPDATE_TIMESTAMP,UPDATE_USER,VER_NBR,OBJ_ID) values (90,'112','9',to_timestamp('14-MAR-14 09.55.53.000000000 AM','DD-MON-RR HH.MI.SS.FF AM'),'admin',1,'F4926C2B22803D63E040DC0A1F8A3C9C');
Insert into VALID_PROTO_SUB_TYPE_QUAL (VALID_PROTO_SUB_TYPE_QUAL_ID,SUBMISSION_TYPE_CODE,SUBMISSION_TYPE_QUAL_CODE,UPDATE_TIMESTAMP,UPDATE_USER,VER_NBR,OBJ_ID) values (91,'112','12',to_timestamp('14-MAR-14 09.55.53.000000000 AM','DD-MON-RR HH.MI.SS.FF AM'),'admin',1,'F4926C2B22813D63E040DC0A1F8A3C9C');
Insert into VALID_PROTO_SUB_TYPE_QUAL (VALID_PROTO_SUB_TYPE_QUAL_ID,SUBMISSION_TYPE_CODE,SUBMISSION_TYPE_QUAL_CODE,UPDATE_TIMESTAMP,UPDATE_USER,VER_NBR,OBJ_ID) values (92,'112','13',to_timestamp('14-MAR-14 09.55.53.000000000 AM','DD-MON-RR HH.MI.SS.FF AM'),'admin',1,'F4926C2B22823D63E040DC0A1F8A3C9C');
commit
/
INSERT INTO VALID_PROTO_SUB_TYPE_QUAL(VALID_PROTO_SUB_TYPE_QUAL_ID,SUBMISSION_TYPE_CODE,SUBMISSION_TYPE_QUAL_CODE,
UPDATE_TIMESTAMP,UPDATE_USER,VER_NBR,OBJ_ID)
SELECT SEQ_PROTOCOL_ID.NEXTVAL,t1.SUBMISSION_TYPE_CODE,t1.SUBMISSION_TYPE_QUAL_CODE,t1.UPDATE_TIMESTAMP,
t1.UPDATE_USER,1,SYS_GUID()
FROM OSP$VALID_PROTO_SUB_TYPE_QUAL@coeus.kuali t1
LEFT OUTER JOIN VALID_PROTO_SUB_TYPE_QUAL t2 ON t1.SUBMISSION_TYPE_CODE = t2.SUBMISSION_TYPE_CODE
AND t1.SUBMISSION_TYPE_QUAL_CODE = t2.SUBMISSION_TYPE_QUAL_CODE
WHERE t2.SUBMISSION_TYPE_CODE IS NULL
/
commit
/
